9a218d0d50bd2cee7305,1657626745500,2022-07-12 08:52:25.500,km,1130,l,"0,0",km,334,1,volts,"12,1",null,km,"11341,0",95,4,FL,kPa,"229,8062565",FR,kPa,"234,2960555",RL,kPa,"233,551156",RR,kPa,"123,8062562"
9a218d0d50bd2cee7305,1657626741439,2022-07-12 08:52:21.439,km,1128,l,"0,2",km,334,1,volts,"12,125",null,km,"11341,0",95,4,FL,kPa,"229,8062565",FR,kPa,"234,2960555",RL,kPa,"233,551156",RR,kPa,"123,8062563"
9a218d0d50bd2cee7305,1657626704610,2022-07-12 08:51:44.610,km,1126,l,"0,4",km,334,1,volts,"12,075",null,km,"11341,0",95,4,FL,kPa,"229,8062565",FR,kPa,"234,2960555",RL,kPa,"233,551156",RR,kPa,"123,8062564"
9a218d0d50bd2cee7305,1657626699601,2022-07-12 08:51:39.601,km,1123,l,"0,7",km,334,1,volts,"12,125",null,km,"11341,0",95,4,FL,kPa,"229,8062565",FR,kPa,"234,2960555",RL,kPa,"233,551156",RR,kPa,"124,8062565"
9a218d0d50bd2cee7305,1657626691104,2022-07-12 08:51:31.104,km,1119,l,"1,1",km,334,1,volts,"12,125",null,km,"11341,0",95,4,FL,kPa,"229,8062565",FR,kPa,"234,2960555",RL,kPa,"233,551156",RR,kPa,"124,8062496"
9a218d0d50bd2cee7305,1657626651110,2022-07-12 08:50:51.110,km,1116,l,"1,4",km,334,1,volts,"12,125",null,km,"11341,0",95,4,FL,kPa,"229,8062565",FR,kPa,"234,2960555",RL,kPa,"233,551156",RR,kPa,"125,8062497"
9a218d0d50bd2cee7305,1657626638463,2022-07-12 08:50:38.463,km,1110,l,"2,0",km,334,1,volts,"12,125",null,km,"11341,0",95,4,FL,kPa,"229,8062565",FR,kPa,"234,2960555",RL,kPa,"233,551156",RR,kPa,"125,8062498"
9a218d0d50bd2cee7305,1657626559471,2022-07-12 08:49:19.471,km,1108,l,"2,2",km,334,1,volts,"12,125",null,km,"11341,0",95,4,FL,kPa,"229,8062565",FR,kPa,"234,2960555",RL,kPa,"233,551156",RR,kPa,"126,8062499"
9a218d0d50bd2cee7305,1657626554962,2022-07-12 08:49:14.962,km,1105,l,"2,5",km,334,1,volts,"12,125",null,km,"11341,0",95,4,FL,kPa,"230,8062565",FR,kPa,"235,2960555",RL,kPa,"233,551156",RR,kPa,"126,8062500"
9a218d0d50bd2cee7305,1657626538621,2022-07-12 08:48:58.621,km,1104,l,"2,6",km,334,1,volts,"12,15",null,km,"11341,0",95,4,FL,kPa,"230,8062565",FR,kPa,"235,2960555",RL,kPa,"233,551156",RR,kPa,"127,8062501"
9a218d0d50bd2cee7305,1657626486901,2022-07-12 08:48:06.901,km,1103,l,"2,7",km,334,1,volts,"12,15",null,km,"11341,0",95,4,FL,kPa,"230,8062565",FR,kPa,"235,2960555",RL,kPa,"233,551156",RR,kPa,"127,8062502"
9a218d0d50bd2cee7305,1657626480874,2022-07-12 08:48:00.874,km,1102,l,"2,8",km,334,1,volts,"12,15",null,km,"11341,0",95,4,FL,kPa,"230,8062565",FR,kPa,"235,2960555",RL,kPa,"233,551156",RR,kPa,"128,8062503"
9a218d0d50bd2cee7305,1657626472270,2022-07-12 08:47:52.270,km,1101,l,"2,9",km,334,1,volts,"12,15",null,km,"11341,0",95,4,FL,kPa,"230,8062565",FR,kPa,"235,2960555",RL,kPa,"233,551156",RR,kPa,"128,8062504"
9a218d0d50bd2cee7305,1657625554618,2022-07-12 08:32:34.618,km,1100,l,"3,0",km,334,1,volts,"12,15",null,km,"11341,0",95,4,FL,kPa,"230,8062565",FR,kPa,"235,2960555",RL,kPa,"233,551156",RR,kPa,"129,8062505"
9a218d0d50bd2cee7305,1657617875226,2022-07-12 06:24:35.226,km,1098,l,"3,2",km,334,1,volts,"12,125",null,km,"11341,0",95,4,FL,kPa,"230,8062565",FR,kPa,"235,2960555",RL,kPa,"233,551156",RR,kPa,"129,8062506"
9a218d0d50bd2cee7305,1657617862861,2022-07-12 06:24:22.861,km,1098,l,"3,3",km,334,1,volts,"12,125",null,km,"11341,0",95,4,FL,kPa,"230,8062565",FR,kPa,"235,2960555",RL,kPa,"233,551156",RR,kPa,"130,8062507"
9a218d0d50bd2cee7305,1657617823346,2022-07-12 06:23:43.346,km,1096,l,"3,4",km,334,1,volts,"12,125",null,km,"11341,0",95,4,FL,kPa,"230,8062565",FR,kPa,"235,2960555",RL,kPa,"233,551156",RR,kPa,"132,8062508"
9a218d0d50bd2cee7305,1657617816584,2022-07-12 06:23:36.584,km,1095,l,"3,5",km,334,1,volts,"12,125",null,km,"11341,0",95,4,FL,kPa,"230,8062565",FR,kPa,"235,2960555",RL,kPa,"233,551156",RR,kPa,"134,8062509"
9a218d0d50bd2cee7305,1657617806147,2022-07-12 06:23:26.147,km,1094,l,"3,6",km,334,1,volts,"12,125",null,km,"11341,0",95,4,FL,kPa,"230,8062565",FR,kPa,"235,2960555",RL,kPa,"233,551156",RR,kPa,"136,8062510"
9a218d0d50bd2cee7305,1657617762742,2022-07-12 06:22:42.742,km,1093,l,"3,7",km,334,1,volts,"12,125",null,km,"11341,0",95,4,FL,kPa,"230,8062565",FR,kPa,"235,2960555",RL,kPa,"233,551156",RR,kPa,"138,8062511"
9a218d0d50bd2cee7305,1657617722748,2022-07-12 06:22:02.748,km,1092,l,"3,8",km,334,1,volts,"12,125",null,km,"11341,0",95,4,FL,kPa,"230,8062565",FR,kPa,"235,2960555",RL,kPa,"233,551156",RR,kPa,"140,8062512"
9a218d0d50bd2cee7305,1657617681103,2022-07-12 06:21:21.103,km,1091,l,"3,9",km,334,1,volts,"12,125",null,km,"11341,0",95,4,FL,kPa,"230,8062565",FR,kPa,"235,2960555",RL,kPa,"233,551156",RR,kPa,"143,8062513"
9a218d0d50bd2cee7305,1657617679531,2022-07-12 06:21:19.531,km,1090,l,"4,0",km,334,1,volts,"12,1",null,km,"11341,0",95,4,FL,kPa,"230,8062565",FR,kPa,"235,2960555",RL,kPa,"233,551156",RR,kPa,"144,8062514"
9a218d0d50bd2cee7305,1657617679302,2022-07-12 06:21:19.302,km,1087,l,"4,2",km,334,1,volts,"12,125",null,km,"11341,0",95,4,FL,kPa,"230,8062565",FR,kPa,"235,2960555",RL,kPa,"233,551156",RR,kPa,"145,8062515"
9a218d0d50bd2cee7305,1657617602332,2022-07-12 06:20:02.332,km,1085,l,"4,5",km,334,1,volts,"12,125",null,km,"11341,0",95,4,FL,kPa,"231,8062565",FR,kPa,"236,2960555",RL,kPa,"233,551156",RR,kPa,"146,8062516"
9a218d0d50bd2cee7305,1657617551585,2022-07-12 06:19:11.585,km,1083,l,"4,7",km,334,1,volts,"12,125",null,km,"11341,0",95,4,FL,kPa,"231,8062565",FR,kPa,"236,2960555",RL,kPa,"233,551156",RR,kPa,"147,8062517"
9a218d0d50bd2cee7305,1657617536113,2022-07-12 06:18:56.113,km,1080,l,"5,0",km,334,1,volts,"12,125",null,km,"11341,0",95,4,FL,kPa,"231,8062565",FR,kPa,"236,2960555",RL,kPa,"233,551156",RR,kPa,"148,8062518"
9a218d0d50bd2cee7305,1657617526582,2022-07-12 06:18:46.582,km,1079,l,"5,1",km,334,1,volts,"12,125",null,km,"11341,0",95,4,FL,kPa,"231,8062565",FR,kPa,"236,2960555",RL,kPa,"233,551156",RR,kPa,"149,8062519"
9a218d0d50bd2cee7305,1657617483749,2022-07-12 06:18:03.749,km,1078,l,"5,3",km,334,1,volts,"12,125",null,km,"11341,0",95,4,FL,kPa,"231,8062565",FR,kPa,"236,2960555",RL,kPa,"233,551156",RR,kPa,"150,8062520"
9a218d0d50bd2cee7305,1657617439950,2022-07-12 06:17:19.950,km,1075,l,"5,5",km,334,1,volts,"12,125",null,km,"11341,0",95,4,FL,kPa,"231,8062565",FR,kPa,"236,2960555",RL,kPa,"233,551156",RR,kPa,"151,8062521"
9a218d0d50bd2cee7305,1657617431326,2022-07-12 06:17:11.326,km,1070,l,"6,0",km,334,1,volts,"12,125",null,km,"11341,0",95,4,FL,kPa,"231,8062565",FR,kPa,"236,2960555",RL,kPa,"233,551156",RR,kPa,"152,8062522"
9a218d0d50bd2cee7305,1657617390885,2022-07-12 06:16:30.885,km,1063,l,"6,7",km,334,1,volts,"12,125",null,km,"11341,0",95,4,FL,kPa,"231,8062565",FR,kPa,"236,2960555",RL,kPa,"234,551156",RR,kPa,"153,8062523"
9a218d0d50bd2cee7305,1657617380671,2022-07-12 06:16:20.671,km,1058,l,"7,3",km,334,1,volts,"12,125",null,km,"11341,0",95,4,FL,kPa,"231,8062565",FR,kPa,"236,2960555",RL,kPa,"234,551156",RR,kPa,"154,8062524"
9a218d0d50bd2cee7305,1657617370587,2022-07-12 06:16:10.587,km,1052,l,"7,8",km,334,1,volts,"12,125",null,km,"11341,0",95,4,FL,kPa,"231,8062565",FR,kPa,"236,2960555",RL,kPa,"234,551156",RR,kPa,"155,8062525"
9a218d0d50bd2cee7305,1657617359299,2022-07-12 06:15:59.299,km,1048,l,"8,2",km,334,1,volts,"12,125",null,km,"11341,0",95,4,FL,kPa,"231,8062565",FR,kPa,"236,2960555",RL,kPa,"234,551156",RR,kPa,"156,8062526"
9a218d0d50bd2cee7305,1657617314557,2022-07-12 06:15:14.557,km,1045,l,"8,5",km,334,1,volts,"12,125",null,km,"11341,0",95,4,FL,kPa,"231,8062565",FR,kPa,"236,2960555",RL,kPa,"234,551156",RR,kPa,"157,8062527"
9a218d0d50bd2cee7305,1657617299242,2022-07-12 06:14:59.242,km,1043,l,"8,7",km,334,1,volts,"12,125",null,km,"11341,0",95,4,FL,kPa,"231,8062565",FR,kPa,"236,2960555",RL,kPa,"234,551156",RR,kPa,"158,8062528"
9a218d0d50bd2cee7305,1657617288310,2022-07-12 06:14:48.310,km,1041,l,"8,9",km,334,1,volts,"12,125",null,km,"11341,0",95,4,FL,kPa,"231,8062565",FR,kPa,"236,2960555",RL,kPa,"234,551156",RR,kPa,"159,8062529"
9a218d0d50bd2cee7305,1657617246982,2022-07-12 06:14:06.982,km,1037,l,"9,2",km,334,1,volts,"12,125",null,km,"11341,0",95,4,FL,kPa,"231,8062565",FR,kPa,"236,2960555",RL,kPa,"234,551156",RR,kPa,"160,8062530"
9a218d0d50bd2cee7305,1657617240024,2022-07-12 06:14:00.024,km,1035,l,"9,5",km,334,1,volts,"12,125",null,km,"11341,0",95,4,FL,kPa,"231,8062565",FR,kPa,"236,2960555",RL,kPa,"234,551156",RR,kPa,"161,8062531"
9a218d0d50bd2cee7305,1657617232502,2022-07-12 06:13:52.502,km,1030,l,"10,0",km,334,1,volts,"12,0",null,km,"11341,0",95,4,FL,kPa,"231,8062565",FR,kPa,"236,2960555",RL,kPa,"234,551156",RR,kPa,"162,8062532"
9a218d0d50bd2cee7305,1657617182254,2022-07-12 06:13:02.254,km,1029,l,"10,1",km,334,1,volts,"12,125",null,km,"11341,0",95,4,FL,kPa,"231,8062565",FR,kPa,"236,2960555",RL,kPa,"234,551156",RR,kPa,"163,8062533"
9a218d0d50bd2cee7305,1657617176852,2022-07-12 06:12:56.852,km,1028,l,"10,2",km,334,1,volts,"12,125",null,km,"11341,0",95,4,FL,kPa,"231,8062565",FR,kPa,"236,2960555",RL,kPa,"234,551156",RR,kPa,"164,8062534"
9a218d0d50bd2cee7305,1657617166984,2022-07-12 06:12:46.984,km,1023,l,"10,7",km,334,1,volts,"12,125",null,km,"11341,0",95,4,FL,kPa,"231,8062565",FR,kPa,"236,2960555",RL,kPa,"234,551156",RR,kPa,"165,8062535"
9a218d0d50bd2cee7305,1657617158209,2022-07-12 06:12:38.209,km,1022,l,"10,8",km,334,1,volts,"12,125",null,km,"11341,0",95,4,FL,kPa,"232,8062565",FR,kPa,"237,2960555",RL,kPa,"234,551156",RR,kPa,"166,8062536"
9a218d0d50bd2cee7305,1657617087481,2022-07-12 06:11:27.481,km,1021,l,"10,9",km,334,1,volts,"12,125",null,km,"11341,0",95,4,FL,kPa,"232,8062565",FR,kPa,"237,2960555",RL,kPa,"234,551156",RR,kPa,"167,8062537"
9a218d0d50bd2cee7305,1657617074200,2022-07-12 06:11:14.200,km,1020,l,"11,0",km,334,1,volts,"12,125",null,km,"11341,0",95,4,FL,kPa,"232,8062565",FR,kPa,"237,2960555",RL,kPa,"234,551156",RR,kPa,"168,8062538"
9a218d0d50bd2cee7305,1657617033826,2022-07-12 06:10:33.826,km,1018,l,"11,3",km,334,1,volts,"12,125",null,km,"11341,0",95,4,FL,kPa,"232,8062565",FR,kPa,"237,2960555",RL,kPa,"234,551156",RR,kPa,"169,8062539"
9a218d0d50bd2cee7305,1657617025656,2022-07-12 06:10:25.656,km,1012,l,"11,8",km,334,1,volts,"12,125",null,km,"11341,0",95,4,FL,kPa,"232,8062565",FR,kPa,"237,2960555",RL,kPa,"234,551156",RR,kPa,"170,8062540"
9a218d0d50bd2cee7305,1657616983935,2022-07-12 06:09:43.935,km,1010,l,"12,0",km,334,1,volts,"12,125",null,km,"11341,0",95,4,FL,kPa,"232,8062565",FR,kPa,"237,2960555",RL,kPa,"234,551156",RR,kPa,"171,8062541"
9a218d0d50bd2cee7305,1657616700133,2022-07-12 06:05:00.133,km,1008,l,"12,2",km,334,1,volts,"12,125",null,km,"11341,0",95,4,FL,kPa,"232,8062565",FR,kPa,"237,2960555",RL,kPa,"234,551156",RR,kPa,"172,8062542"
9a218d0d50bd2cee7305,1657616654674,2022-07-12 06:04:14.674,km,1007,l,"12,3",km,334,1,volts,"12,15",null,km,"11341,0",95,4,FL,kPa,"232,8062565",FR,kPa,"237,2960555",RL,kPa,"234,551156",RR,kPa,"173,8062543"
9a218d0d50bd2cee7305,1657616599859,2022-07-12 06:03:19.859,km,1006,l,"12,4",km,334,1,volts,"12,125",null,km,"11341,0",95,4,FL,kPa,"232,8062565",FR,kPa,"237,2960555",RL,kPa,"235,551156",RR,kPa,"174,8062544"
9a218d0d50bd2cee7305,1657616593589,2022-07-12 06:03:13.589,km,1005,l,"12,5",km,334,1,volts,"12,125",null,km,"11341,0",95,4,FL,kPa,"232,8062565",FR,kPa,"237,2960555",RL,kPa,"235,551156",RR,kPa,"175,8062545"
9a218d0d50bd2cee7305,1657616547535,2022-07-12 06:02:27.535,km,1004,l,"12,6",km,334,1,volts,"12,1",null,km,"11341,0",95,4,FL,kPa,"232,8062565",FR,kPa,"237,2960555",RL,kPa,"235,551156",RR,kPa,"176,8062546"
9a218d0d50bd2cee7305,1657616537337,2022-07-12 06:02:17.337,km,1003,l,"12,7",km,334,1,volts,"12,125",null,km,"11341,0",95,4,FL,kPa,"232,8062565",FR,kPa,"237,2960555",RL,kPa,"235,551156",RR,kPa,"177,8062547"
9a218d0d50bd2cee7305,1657616526737,2022-07-12 06:02:06.737,km,1002,l,"12,8",km,334,1,volts,"12,125",null,km,"11341,0",95,4,FL,kPa,"232,8062565",FR,kPa,"237,2960555",RL,kPa,"235,551156",RR,kPa,"178,8062548"
9a218d0d50bd2cee7305,1657616521019,2022-07-12 06:02:01.019,km,1001,l,"12,9",km,334,1,volts,"12,125",null,km,"11341,0",95,4,FL,kPa,"232,8062565",FR,kPa,"237,2960555",RL,kPa,"235,551156",RR,kPa,"179,8062549"
9a218d0d50bd2cee7305,1657616513795,2022-07-12 06:01:53.795,km,1000,l,"13,0",km,334,1,volts,"12,15",null,km,"11341,0",95,4,FL,kPa,"232,8062565",FR,kPa,"237,2960555",RL,kPa,"235,551156",RR,kPa,"180,8062550"
9a218d0d50bd2cee7305,1657616467845,2022-07-12 06:01:07.845,km,999,l,"13,1",km,334,1,volts,"12,125",null,km,"11341,0",95,4,FL,kPa,"232,8062565",FR,kPa,"237,2960555",RL,kPa,"235,551156",RR,kPa,"181,8062551"
9a218d0d50bd2cee7305,1657616458617,2022-07-12 06:00:58.617,km,998,l,"13,3",km,334,1,volts,"12,15",null,km,"11341,0",95,4,FL,kPa,"232,8062565",FR,kPa,"237,2960555",RL,kPa,"235,551156",RR,kPa,"182,8062552"
9a218d0d50bd2cee7305,1657616446319,2022-07-12 06:00:46.319,km,995,l,"13,5",km,334,1,volts,"12,15",null,km,"11341,0",95,4,FL,kPa,"232,8062565",FR,kPa,"237,2960555",RL,kPa,"235,551156",RR,kPa,"183,8062553"
9a218d0d50bd2cee7305,1657616408153,2022-07-12 06:00:08.153,km,992,l,"13,8",km,334,1,volts,"12,125",null,km,"11341,0",95,4,FL,kPa,"232,8062565",FR,kPa,"237,2960555",RL,kPa,"235,551156",RR,kPa,"184,8062554"
9a218d0d50bd2cee7305,1657616345494,2022-07-12 05:59:05.494,km,990,l,"14,0",km,334,1,volts,"12,125",null,km,"11341,0",95,4,FL,kPa,"232,8062565",FR,kPa,"237,2960555",RL,kPa,"235,551156",RR,kPa,"185,8062555"
9a218d0d50bd2cee7305,1657616308926,2022-07-12 05:58:28.926,km,989,l,"14,1",km,334,1,volts,"12,125",null,km,"11341,0",95,4,FL,kPa,"232,8062565",FR,kPa,"237,2960555",RL,kPa,"235,551156",RR,kPa,"186,8062556"
9a218d0d50bd2cee7305,1657616267636,2022-07-12 05:57:47.636,km,988,l,"14,2",km,334,1,volts,"12,125",null,km,"11341,0",95,4,FL,kPa,"233,8062565",FR,kPa,"238,2960555",RL,kPa,"235,551156",RR,kPa,"187,8062557"
9a218d0d50bd2cee7305,1657616228224,2022-07-12 05:57:08.224,km,987,l,"14,3",km,334,1,volts,"12,125",null,km,"11341,0",95,4,FL,kPa,"233,8062565",FR,kPa,"238,2960555",RL,kPa,"235,551156",RR,kPa,"188,8062558"
9a218d0d50bd2cee7305,1657616222664,2022-07-12 05:57:02.664,km,986,l,"14,4",km,334,1,volts,"12,125",null,km,"11341,0",95,4,FL,kPa,"233,8062565",FR,kPa,"238,2960555",RL,kPa,"235,551156",RR,kPa,"189,8062559"
9a218d0d50bd2cee7305,1657616214807,2022-07-12 05:56:54.807,km,985,l,"14,5",km,334,1,volts,"12,15",null,km,"11341,0",95,4,FL,kPa,"233,8062565",FR,kPa,"238,2960555",RL,kPa,"235,551156",RR,kPa,"190,8062560"
9a218d0d50bd2cee7305,1657616202054,2022-07-12 05:56:42.054,km,984,l,"14,6",km,334,1,volts,"12,15",null,km,"11341,0",95,4,FL,kPa,"233,8062565",FR,kPa,"238,2960555",RL,kPa,"235,551156",RR,kPa,"190,8062561"
9a218d0d50bd2cee7305,1657616162725,2022-07-12 05:56:02.725,km,983,l,"14,7",km,334,1,volts,"12,125",null,km,"11341,0",95,4,FL,kPa,"233,8062565",FR,kPa,"238,2960555",RL,kPa,"235,551156",RR,kPa,"191,8062562"
9a218d0d50bd2cee7305,1657616158323,2022-07-12 05:55:58.323,km,982,l,"14,8",km,334,1,volts,"12,15",null,km,"11341,0",95,4,FL,kPa,"233,8062565",FR,kPa,"238,2960555",RL,kPa,"235,551156",RR,kPa,"192,8062563"
9a218d0d50bd2cee7305,1657616145223,2022-07-12 05:55:45.223,km,981,l,"14,9",km,334,1,volts,"12,125",null,km,"11341,0",95,4,FL,kPa,"233,8062565",FR,kPa,"238,2960555",RL,kPa,"235,551156",RR,kPa,"193,8062564"
9a218d0d50bd2cee7305,1657616131698,2022-07-12 05:55:31.698,km,980,l,"15,0",km,334,1,volts,"12,125",null,km,"11341,0",95,4,FL,kPa,"233,8062565",FR,kPa,"238,2960555",RL,kPa,"235,551156",RR,kPa,"194,8062565"
9a218d0d50bd2cee7305,1657616091405,2022-07-12 05:54:51.405,km,979,l,"15,1",km,334,1,volts,"12,125",null,km,"11341,0",95,4,FL,kPa,"233,8062565",FR,kPa,"238,2960555",RL,kPa,"236,551156",RR,kPa,"195,8062565"
9a218d0d50bd2cee7305,1657616084445,2022-07-12 05:54:44.445,km,977,l,"15,2",km,334,1,volts,"12,15",null,km,"11341,0",95,4,FL,kPa,"233,8062565",FR,kPa,"238,2960555",RL,kPa,"236,551156",RR,kPa,"198,8062565"
9a218d0d50bd2cee7305,1657616078306,2022-07-12 05:54:38.306,km,975,l,"15,4",km,334,1,volts,"12,15",null,km,"11341,0",95,4,FL,kPa,"233,8062565",FR,kPa,"238,2960555",RL,kPa,"236,551156",RR,kPa,"202,8062565"
9a218d0d50bd2cee7305,1657616075018,2022-07-12 05:54:35.018,km,975,l,"15,6",km,334,1,volts,"12,15",null,km,"11341,0",95,4,FL,kPa,"233,8062565",FR,kPa,"238,2960555",RL,kPa,"236,551156",RR,kPa,"207,8062565"
9a218d0d50bd2cee7305,1657616058577,2022-07-12 05:54:18.577,km,970,l,"16,0",km,334,1,volts,"12,15",null,km,"11341,0",95,4,FL,kPa,"233,8062565",FR,kPa,"238,2960555",RL,kPa,"236,551156",RR,kPa,"210,8062565"
9a218d0d50bd2cee7305,1657616015752,2022-07-12 05:53:35.752,km,970,l,"16,2",km,334,1,volts,"12,15",null,km,"11341,0",95,4,FL,kPa,"233,8062565",FR,kPa,"238,2960555",RL,kPa,"236,551156",RR,kPa,"222,8062565"
9a218d0d50bd2cee7305,1657616008144,2022-07-12 05:53:28.144,km,968,l,"16,3",km,334,1,volts,"12,15",null,km,"11341,0",95,4,FL,kPa,"233,8062565",FR,kPa,"238,2960555",RL,kPa,"236,551156",RR,kPa,"227,8062565"
9a218d0d50bd2cee7305,1657615927213,2022-07-12 05:52:07.213,km,965,l,"16,5",km,334,1,volts,"12,15",null,km,"11341,0",95,4,FL,kPa,"233,8062565",FR,kPa,"238,2960555",RL,kPa,"236,551156",RR,kPa,"231,8062565"
9a218d0d50bd2cee7305,1657615915179,2022-07-12 05:51:55.179,km,962,l,"16,8",km,334,1,volts,"12,15",null,km,"11341,0",95,4,FL,kPa,"233,8062565",FR,kPa,"238,2960555",RL,kPa,"236,551156",RR,kPa,"233,8062565"
9a218d0d50bd2cee7305,1657615814755,2022-07-12 05:50:14.755,km,960,l,"17,0",km,334,1,volts,"12,15",null,km,"11341,0",95,4,FL,kPa,"233,8062565",FR,kPa,"238,2960555",RL,kPa,"236,551156",RR,kPa,"234,8062565"
9a218d0d50bd2cee7305,1657615776850,2022-07-12 05:49:36.850,km,959,l,"17,1",km,334,1,volts,"12,1",null,km,"11341,0",95,4,FL,kPa,"233,8062565",FR,kPa,"238,2960555",RL,kPa,"236,551156",RR,kPa,"234,8062565"
9a218d0d50bd2cee7305,1657615769944,2022-07-12 05:49:29.944,km,956,l,"17,3",km,334,1,volts,"12,1",null,km,"11341,0",95,4,FL,kPa,"233,8062565",FR,kPa,"238,2960555",RL,kPa,"236,551156",RR,kPa,"234,8062565"
9a218d0d50bd2cee7305,1657615760656,2022-07-12 05:49:20.656,km,951,l,"17,9",km,334,1,volts,"12,125",null,km,"11341,0",95,4,FL,kPa,"233,8062565",FR,kPa,"238,2960555",RL,kPa,"236,551156",RR,kPa,"234,8062565"
9a218d0d50bd2cee7305,1657615754143,2022-07-12 05:49:14.143,km,949,l,"18,1",km,334,1,volts,"12,1",null,km,"11341,0",95,4,FL,kPa,"233,8062565",FR,kPa,"238,2960555",RL,kPa,"236,551156",RR,kPa,"234,8062565"
9a218d0d50bd2cee7305,1657615682420,2022-07-12 05:48:02.420,km,947,l,"18,3",km,334,1,volts,"12,1",null,km,"11341,0",95,4,FL,kPa,"233,8062565",FR,kPa,"238,2960555",RL,kPa,"236,551156",RR,kPa,"234,8062565"
9a218d0d50bd2cee7305,1657615675770,2022-07-12 05:47:55.770,km,945,l,"18,5",km,334,1,volts,"12,1",null,km,"11341,0",95,4,FL,kPa,"233,8062565",FR,kPa,"238,2960555",RL,kPa,"236,551156",RR,kPa,"234,8062565"
9a218d0d50bd2cee7305,1657615668562,2022-07-12 05:47:48.562,km,943,l,"18,7",km,334,1,volts,"12,125",null,km,"11341,0",95,4,FL,kPa,"233,8062565",FR,kPa,"238,2960555",RL,kPa,"236,551156",RR,kPa,"234,8062565"
9a218d0d50bd2cee7305,1657615661798,2022-07-12 05:47:41.798,km,940,l,"19,0",km,334,1,volts,"12,1",null,km,"11341,0",95,4,FL,kPa,"233,8062565",FR,kPa,"238,2960555",RL,kPa,"236,551156",RR,kPa,"234,8062565"
9a218d0d50bd2cee7305,1657615656969,2022-07-12 05:47:36.969,km,937,l,"19,2",km,334,1,volts,"12,1",null,km,"11341,0",95,4,FL,kPa,"233,8062565",FR,kPa,"238,2960555",RL,kPa,"236,551156",RR,kPa,"234,8062565"
9a218d0d50bd2cee7305,1657615484502,2022-07-12 05:44:44.502,km,935,l,"19,5",km,334,1,volts,"12,1",null,km,"11341,0",95,4,FL,kPa,"233,8062565",FR,kPa,"238,2960555",RL,kPa,"236,551156",RR,kPa,"234,8062565"
9a218d0d50bd2cee7305,1657615475434,2022-07-12 05:44:35.434,km,930,l,"20,0",km,334,1,volts,"12,15",null,km,"11341,0",95,4,FL,kPa,"233,8062565",FR,kPa,"238,2960555",RL,kPa,"236,551156",RR,kPa,"234,8062565"
9a218d0d50bd2cee7305,1657615470790,2022-07-12 05:44:30.790,km,930,l,"20,0",km,334,1,volts,"12,15",null,km,"11341,0",95,4,FL,kPa,"233,8062565",FR,kPa,"238,2960555",RL,kPa,"237,551156",RR,kPa,"234,8062565"
9a218d0d50bd2cee7305,1657615308763,2022-07-12 05:41:48.763,km,928,l,"20,1",km,334,1,volts,"12,15",null,km,"11341,0",95,4,FL,kPa,"233,8062565",FR,kPa,"238,2960555",RL,kPa,"237,551156",RR,kPa,"234,8062565"
9a218d0d50bd2cee7305,1657615303153,2022-07-12 05:41:43.153,km,927,l,"20,2",km,334,1,volts,"12,1",null,km,"11341,0",95,4,FL,kPa,"234,8062565",FR,kPa,"239,2960555",RL,kPa,"237,551156",RR,kPa,"235,8062565"
9a218d0d50bd2cee7305,1657615296122,2022-07-12 05:41:36.122,km,925,l,"20,5",km,334,1,volts,"12,1",null,km,"11341,0",95,4,FL,kPa,"234,8062565",FR,kPa,"239,2960555",RL,kPa,"237,551156",RR,kPa,"235,8062565"
9a218d0d50bd2cee7305,1657615284234,2022-07-12 05:41:24.234,km,920,l,"21,0",km,334,1,volts,"12,1",null,km,"11341,0",95,4,FL,kPa,"234,8062565",FR,kPa,"239,2960555",RL,kPa,"237,551156",RR,kPa,"235,8062565"
9a218d0d50bd2cee7305,1657615280018,2022-07-12 05:41:20.018,km,917,l,"21,2",km,334,1,volts,"12,15",null,km,"11341,0",95,4,FL,kPa,"234,8062565",FR,kPa,"239,2960555",RL,kPa,"237,551156",RR,kPa,"235,8062565"
9a218d0d50bd2cee7305,1657615201456,2022-07-12 05:40:01.456,km,915,l,"21,5",km,334,1,volts,"12,1",null,km,"11341,0",95,4,FL,kPa,"234,8062565",FR,kPa,"239,2960555",RL,kPa,"237,551156",RR,kPa,"235,8062565"
9a218d0d50bd2cee7305,1657615198892,2022-07-12 05:39:58.892,km,910,l,"22,0",km,334,1,volts,"12,1",null,km,"11341,0",95,4,FL,kPa,"234,8062565",FR,kPa,"239,2960555",RL,kPa,"237,551156",RR,kPa,"235,8062565"
9a218d0d50bd2cee7305,1657615153033,2022-07-12 05:39:13.033,km,909,l,"22,1",km,334,1,volts,"12,1",null,km,"11341,0",95,4,FL,kPa,"234,8062565",FR,kPa,"239,2960555",RL,kPa,"237,551156",RR,kPa,"235,8062565"
9a218d0d50bd2cee7305,1657615145845,2022-07-12 05:39:05.845,km,908,l,"22,2",km,334,1,volts,"12,1",null,km,"11341,0",95,4,FL,kPa,"234,8062565",FR,kPa,"239,2960555",RL,kPa,"237,551156",RR,kPa,"235,8062565"
9a218d0d50bd2cee7305,1657615133591,2022-07-12 05:38:53.591,km,907,l,"22,3",km,334,1,volts,"12,15",null,km,"11341,0",95,4,FL,kPa,"234,8062565",FR,kPa,"239,2960555",RL,kPa,"237,551156",RR,kPa,"235,8062565"
9a218d0d50bd2cee7305,1657615129938,2022-07-12 05:38:49.938,km,905,l,"22,5",km,334,1,volts,"12,1",null,km,"11341,0",95,4,FL,kPa,"234,8062565",FR,kPa,"239,2960555",RL,kPa,"237,551156",RR,kPa,"235,8062565"
9a218d0d50bd2cee7305,1657615125534,2022-07-12 05:38:45.534,km,900,l,"23,0",km,334,1,volts,"12,1",null,km,"11341,0",95,4,FL,kPa,"234,8062565",FR,kPa,"239,2960555",RL,kPa,"237,551156",RR,kPa,"235,8062565"
9a218d0d50bd2cee7305,1657615082986,2022-07-12 05:38:02.986,km,858,l,"23,2",km,334,1,volts,"12,1",null,km,"11341,0",95,4,FL,kPa,"234,8062565",FR,kPa,"239,2960555",RL,kPa,"237,551156",RR,kPa,"235,8062565"
9a218d0d50bd2cee7305,1657615074317,2022-07-12 05:37:54.317,km,855,l,"23,5",km,334,1,volts,"12,15",null,km,"11341,0",95,4,FL,kPa,"234,8062565",FR,kPa,"239,2960555",RL,kPa,"237,551156",RR,kPa,"235,8062565"
9a218d0d50bd2cee7305,1657615060435,2022-07-12 05:37:40.435,km,850,l,"24,0",km,334,1,volts,"12,175",null,km,"11341,0",95,4,FL,kPa,"234,8062565",FR,kPa,"239,2960555",RL,kPa,"237,551156",RR,kPa,"235,8062565"
9a218d0d50bd2cee7305,1657615017531,2022-07-12 05:36:57.531,km,849,l,"24,1",km,334,1,volts,"12,1",null,km,"11341,0",95,4,FL,kPa,"234,8062565",FR,kPa,"239,2960555",RL,kPa,"237,551156",RR,kPa,"235,8062565"
9a218d0d50bd2cee7305,1657615013608,2022-07-12 05:36:53.608,km,848,l,"24,2",km,334,1,volts,"12,1",null,km,"11341,0",95,4,FL,kPa,"234,8062565",FR,kPa,"239,2960555",RL,kPa,"237,551156",RR,kPa,"235,8062565"
9a218d0d50bd2cee7305,1657615012473,2022-07-12 05:36:52.473,km,847,l,"24,3",km,334,1,volts,"12,15",null,km,"11341,0",95,4,FL,kPa,"234,8062565",FR,kPa,"239,2960555",RL,kPa,"237,551156",RR,kPa,"235,8062565"
9a218d0d50bd2cee7305,1657615005505,2022-07-12 05:36:45.505,km,846,l,"24,4",km,334,1,volts,"12,1",null,km,"11341,0",95,4,FL,kPa,"234,8062565",FR,kPa,"239,2960555",RL,kPa,"237,551156",RR,kPa,"235,8062565"
9a218d0d50bd2cee7305,1657614995227,2022-07-12 05:36:35.227,km,845,l,"24,5",km,334,1,volts,"12,175",null,km,"11341,0",95,4,FL,kPa,"234,8062565",FR,kPa,"239,2960555",RL,kPa,"237,551156",RR,kPa,"236,8062565"
9a218d0d50bd2cee7305,1657614952621,2022-07-12 05:35:52.621,km,844,l,"24,6",km,334,1,volts,"12,125",null,km,"11341,0",95,4,FL,kPa,"234,8062565",FR,kPa,"239,2960555",RL,kPa,"238,551156",RR,kPa,"236,8062565"
9a218d0d50bd2cee7305,1657614915788,2022-07-12 05:35:15.788,km,843,l,"24,7",km,334,1,volts,"12,1",null,km,"11341,0",95,4,FL,kPa,"234,8062565",FR,kPa,"239,2960555",RL,kPa,"238,551156",RR,kPa,"236,8062565"
9a218d0d50bd2cee7305,1657614903926,2022-07-12 05:35:03.926,km,842,l,"24,8",km,334,1,volts,"12,1",null,km,"11341,0",95,4,FL,kPa,"235,8062565",FR,kPa,"240,2960555",RL,kPa,"238,551156",RR,kPa,"236,8062565"
9a218d0d50bd2cee7305,1657614903715,2022-07-12 05:35:03.715,km,841,l,"24,9",km,334,1,volts,"12,15",null,km,"11341,0",95,4,FL,kPa,"235,8062565",FR,kPa,"240,2960555",RL,kPa,"238,551156",RR,kPa,"236,8062565"
9a218d0d50bd2cee7305,1657614888950,2022-07-12 05:34:48.950,km,840,l,"24,0",km,334,1,volts,"12,1",null,km,"11341,0",95,4,FL,kPa,"235,8062565",FR,kPa,"240,2960555",RL,kPa,"238,551156",RR,kPa,"236,8062565"
9a218d0d50bd2cee7305,1657614844019,2022-07-12 05:34:04.019,km,835,l,"24,5",km,334,1,volts,"12,125",null,km,"11341,0",95,4,FL,kPa,"235,8062565",FR,kPa,"240,2960555",RL,kPa,"238,551156",RR,kPa,"236,8062565"
9a218d0d50bd2cee7305,1657614834226,2022-07-12 05:33:54.226,km,835,l,"24,5",km,334,1,volts,"12,15",null,km,"11341,0",95,4,FL,kPa,"235,8062565",FR,kPa,"240,2960555",RL,kPa,"238,551156",RR,kPa,"236,8062565"
9a218d0d50bd2cee7305,1657614830800,2022-07-12 05:33:50.800,km,835,l,"24,5",km,334,1,volts,"12,175",null,km,"11341,0",95,4,FL,kPa,"235,8062565",FR,kPa,"240,2960555",RL,kPa,"238,551156",RR,kPa,"236,8062565"
9a218d0d50bd2cee7305,1657614715964,2022-07-12 05:31:55.964,km,830,l,"25,0",km,334,1,volts,"12,175",null,km,"11341,0",95,4,FL,kPa,"235,8062565",FR,kPa,"240,2960555",RL,kPa,"238,551156",RR,kPa,"236,8062565"
9a218d0d50bd2cee7305,1657614706912,2022-07-12 05:31:46.912,km,830,l,"25,0",km,334,1,volts,"12,175",null,km,"11341,0",95,4,FL,kPa,"235,8062565",FR,kPa,"240,2960555",RL,kPa,"238,551156",RR,kPa,"236,8062565"
9a218d0d50bd2cee7305,1657614701145,2022-07-12 05:31:41.145,km,830,l,"25,0",km,334,1,volts,"12,175",null,km,"11341,0",95,4,FL,kPa,"235,8062565",FR,kPa,"240,2960555",RL,kPa,"238,551156",RR,kPa,"236,8062565"
9a218d0d50bd2cee7305,1657614692864,2022-07-12 05:31:32.864,km,825,l,"25,5",km,334,1,volts,"12,175",null,km,"11341,0",95,4,FL,kPa,"235,8062565",FR,kPa,"240,2960555",RL,kPa,"238,551156",RR,kPa,"236,8062565"
9a218d0d50bd2cee7305,1657614683051,2022-07-12 05:31:23.051,km,825,l,"25,5",km,334,1,volts,"12,175",null,km,"11341,0",95,4,FL,kPa,"235,8062565",FR,kPa,"240,2960555",RL,kPa,"238,551156",RR,kPa,"236,8062565"
9a218d0d50bd2cee7305,1657614678715,2022-07-12 05:31:18.715,km,820,l,"26,0",km,334,1,volts,"12,175",null,km,"11341,0",95,4,FL,kPa,"235,8062565",FR,kPa,"240,2960555",RL,kPa,"238,551156",RR,kPa,"236,8062565"
9a218d0d50bd2cee7305,1657614642584,2022-07-12 05:30:42.584,km,820,l,"26,0",km,334,1,volts,"12,175",null,km,"11341,0",95,4,FL,kPa,"235,8062565",FR,kPa,"240,2960555",RL,kPa,"239,551156",RR,kPa,"236,8062565"
9a218d0d50bd2cee7305,1657614628798,2022-07-12 05:30:28.798,km,815,l,"26,5",km,334,1,volts,"12,175",null,km,"11341,0",95,4,FL,kPa,"235,8062565",FR,kPa,"240,2960555",RL,kPa,"239,551156",RR,kPa,"236,8062565"
9a218d0d50bd2cee7305,1657614624080,2022-07-12 05:30:24.080,km,815,l,"26,5",km,334,1,volts,"12,125",null,km,"11341,0",95,4,FL,kPa,"235,8062565",FR,kPa,"240,2960555",RL,kPa,"239,551156",RR,kPa,"236,8062565"
9a218d0d50bd2cee7305,1657614618794,2022-07-12 05:30:18.794,km,810,l,"27,0",km,334,1,volts,"12,175",null,km,"11341,0",95,4,FL,kPa,"235,8062565",FR,kPa,"240,2960555",RL,kPa,"239,551156",RR,kPa,"237,8062565"
9a218d0d50bd2cee7305,1657614610897,2022-07-12 05:30:10.897,km,810,l,"27,0",km,334,1,volts,"12,175",null,km,"11341,0",95,4,FL,kPa,"235,8062565",FR,kPa,"240,2960555",RL,kPa,"239,551156",RR,kPa,"237,8062565"
9a218d0d50bd2cee7305,1657614560334,2022-07-12 05:29:20.334,km,805,l,"27,5",km,334,1,volts,"12,175",null,km,"11341,0",95,4,FL,kPa,"235,8062565",FR,kPa,"240,2960555",RL,kPa,"239,551156",RR,kPa,"237,8062565"
9a218d0d50bd2cee7305,1657614558203,2022-07-12 05:29:18.203,km,805,l,"27,5",km,334,1,volts,"12,175",null,km,"11341,0",95,4,FL,kPa,"235,8062565",FR,kPa,"240,2960555",RL,kPa,"239,551156",RR,kPa,"237,8062565"
9a218d0d50bd2cee7305,1657614548120,2022-07-12 05:29:08.120,km,800,l,"28,0",km,334,1,volts,"12,175",null,km,"11341,0",95,4,FL,kPa,"236,8062565",FR,kPa,"241,2960555",RL,kPa,"239,551156",RR,kPa,"237,8062565"
9a218d0d50bd2cee7305,1657614509921,2022-07-12 05:28:29.921,km,800,l,"28,0",km,334,1,volts,"12,175",null,km,"11341,0",95,4,FL,kPa,"236,8062565",FR,kPa,"241,2960555",RL,kPa,"239,551156",RR,kPa,"237,8062565"
9a218d0d50bd2cee7305,1657614469991,2022-07-12 05:27:49.991,km,800,l,"28,0",km,334,1,volts,"12,175",null,km,"11341,0",95,4,FL,kPa,"236,8062565",FR,kPa,"241,2960555",RL,kPa,"239,551156",RR,kPa,"237,8062565"
9a218d0d50bd2cee7305,1657614461886,2022-07-12 05:27:41.886,km,795,l,"28,5",km,334,1,volts,"12,175",null,km,"11341,0",95,4,FL,kPa,"236,8062565",FR,kPa,"241,2960555",RL,kPa,"239,551156",RR,kPa,"237,8062565"
9a218d0d50bd2cee7305,1657614454553,2022-07-12 05:27:34.553,km,795,l,"28,5",km,334,1,volts,"12,175",null,km,"11341,0",95,4,FL,kPa,"236,8062565",FR,kPa,"241,2960555",RL,kPa,"239,551156",RR,kPa,"237,8062565"
9a218d0d50bd2cee7305,1657614447747,2022-07-12 05:27:27.747,km,790,l,"29,0",km,334,1,volts,"12,175",null,km,"11341,0",95,4,FL,kPa,"236,8062565",FR,kPa,"241,2960555",RL,kPa,"239,551156",RR,kPa,"237,8062565"
9a218d0d50bd2cee7305,1657614405974,2022-07-12 05:26:45.974,km,790,l,"29,0",km,334,1,volts,"12,175",null,km,"11341,0",95,4,FL,kPa,"236,8062565",FR,kPa,"241,2960555",RL,kPa,"239,551156",RR,kPa,"237,8062565"
9a218d0d50bd2cee7305,1657614397049,2022-07-12 05:26:37.049,km,785,l,"29,5",km,334,1,volts,"12,175",null,km,"11341,0",95,4,FL,kPa,"236,8062565",FR,kPa,"241,2960555",RL,kPa,"239,551156",RR,kPa,"237,8062565"
9a218d0d50bd2cee7305,1657614385213,2022-07-12 05:26:25.213,km,785,l,"29,5",km,334,1,volts,"12,175",null,km,"11341,0",95,4,FL,kPa,"236,8062565",FR,kPa,"241,2960555",RL,kPa,"239,551156",RR,kPa,"237,8062565"
9a218d0d50bd2cee7305,1657614379041,2022-07-12 05:26:19.041,km,780,l,"30,0",km,334,1,volts,"12,175",null,km,"11341,0",95,4,FL,kPa,"236,8062565",FR,kPa,"241,2960555",RL,kPa,"239,551156",RR,kPa,"237,8062565"
9a218d0d50bd2cee7305,1657614341370,2022-07-12 05:25:41.370,km,780,l,"30,0",km,334,1,volts,"12,175",null,km,"11341,0",95,4,FL,kPa,"236,8062565",FR,kPa,"241,2960555",RL,kPa,"239,551156",RR,kPa,"237,8062565"
9a218d0d50bd2cee7305,1657614327199,2022-07-12 05:25:27.199,km,770,l,"31,0",km,334,1,volts,"12,175",null,km,"11341,0",95,4,FL,kPa,"236,8062565",FR,kPa,"241,2960555",RL,kPa,"239,551156",RR,kPa,"237,8062565"
9a218d0d50bd2cee7305,1657614317480,2022-07-12 05:25:17.480,km,765,l,"31,5",km,334,1,volts,"12,125",null,km,"11341,0",95,4,FL,kPa,"236,8062565",FR,kPa,"241,2960555",RL,kPa,"239,551156",RR,kPa,"237,8062565"
9a218d0d50bd2cee7305,1657614313920,2022-07-12 05:25:13.920,km,760,l,"32,0",km,334,1,volts,"12,15",null,km,"11341,0",95,4,FL,kPa,"236,8062565",FR,kPa,"241,2960555",RL,kPa,"240,551156",RR,kPa,"237,8062565"
9a218d0d50bd2cee7305,1657614217892,2022-07-12 05:23:37.892,km,760,l,"32,0",km,334,1,volts,"12,175",null,km,"11341,0",95,4,FL,kPa,"236,8062565",FR,kPa,"241,2960555",RL,kPa,"240,551156",RR,kPa,"237,8062565"
9a218d0d50bd2cee7305,1657614212120,2022-07-12 05:23:32.120,km,755,l,"32,5",km,334,1,volts,"12,175",null,km,"11341,0",95,4,FL,kPa,"237,8062565",FR,kPa,"242,2960555",RL,kPa,"240,551156",RR,kPa,"237,8062565"
9a218d0d50bd2cee7305,1657614202945,2022-07-12 05:23:22.945,km,755,l,"32,5",km,334,1,volts,"12,175",null,km,"11341,0",95,4,FL,kPa,"237,8062565",FR,kPa,"242,2960555",RL,kPa,"240,551156",RR,kPa,"237,8062565"
9a218d0d50bd2cee7305,1657614198338,2022-07-12 05:23:18.338,km,750,l,"33,0",km,334,1,volts,"12,15",null,km,"11341,0",95,4,FL,kPa,"237,8062565",FR,kPa,"242,2960555",RL,kPa,"240,551156",RR,kPa,"238,8062565"
9a218d0d50bd2cee7305,1657614151027,2022-07-12 05:22:31.027,km,750,l,"33,0",km,334,1,volts,"12,15",null,km,"11341,0",95,4,FL,kPa,"237,8062565",FR,kPa,"242,2960555",RL,kPa,"240,551156",RR,kPa,"238,8062565"
9a218d0d50bd2cee7305,1657614084890,2022-07-12 05:21:24.890,km,745,l,"33,5",km,334,1,volts,"12,15",null,km,"11341,0",95,4,FL,kPa,"237,8062565",FR,kPa,"242,2960555",RL,kPa,"240,551156",RR,kPa,"238,8062565"
9a218d0d50bd2cee7305,1657614078277,2022-07-12 05:21:18.277,km,745,l,"33,5",km,334,1,volts,"12,15",null,km,"11341,0",95,4,FL,kPa,"237,8062565",FR,kPa,"242,2960555",RL,kPa,"240,551156",RR,kPa,"238,8062565"
9a218d0d50bd2cee7305,1657614071056,2022-07-12 05:21:11.056,km,740,l,"34,0",km,334,1,volts,"12,15",null,km,"11341,0",95,4,FL,kPa,"237,8062565",FR,kPa,"242,2960555",RL,kPa,"240,551156",RR,kPa,"238,8062565"
9a218d0d50bd2cee7305,1657614065218,2022-07-12 05:21:05.218,km,740,l,"34,0",km,334,1,volts,"12,15",null,km,"11341,0",95,4,FL,kPa,"237,8062565",FR,kPa,"242,2960555",RL,kPa,"240,551156",RR,kPa,"238,8062565"
9a218d0d50bd2cee7305,1657614010932,2022-07-12 05:20:10.932,km,735,l,"35,0",km,334,1,volts,"12,15",null,km,"11341,0",95,4,FL,kPa,"237,8062565",FR,kPa,"242,2960555",RL,kPa,"240,551156",RR,kPa,"238,8062565"
9a218d0d50bd2cee7305,1657613905287,2022-07-12 05:18:25.287,km,730,l,"35,0",km,334,1,volts,"12,1",null,km,"11341,0",95,4,FL,kPa,"237,8062565",FR,kPa,"242,2960555",RL,kPa,"240,551156",RR,kPa,"238,8062565"
9a218d0d50bd2cee7305,1657613867269,2022-07-12 05:17:47.269,km,725,l,"36,0",km,334,1,volts,"12,15",null,km,"11341,0",95,4,FL,kPa,"237,8062565",FR,kPa,"242,2960555",RL,kPa,"240,551156",RR,kPa,"238,8062565"
9a218d0d50bd2cee7305,1657613863982,2022-07-12 05:17:43.982,km,720,l,"36,0",km,334,1,volts,"12,15",null,km,"11341,0",95,4,FL,kPa,"237,8062565",FR,kPa,"242,2960555",RL,kPa,"240,551156",RR,kPa,"238,8062565"
9a218d0d50bd2cee7305,1657613854495,2022-07-12 05:17:34.495,km,715,l,"37,0",km,334,1,volts,"12,1",null,km,"11341,0",95,4,FL,kPa,"237,8062565",FR,kPa,"242,2960555",RL,kPa,"240,551156",RR,kPa,"238,8062565"
9a218d0d50bd2cee7305,1657613847926,2022-07-12 05:17:27.926,km,710,l,"37,0",km,334,1,volts,"12,15",null,km,"11341,0",95,4,FL,kPa,"237,8062565",FR,kPa,"242,2960555",RL,kPa,"240,551156",RR,kPa,"238,8062565"
9a218d0d50bd2cee7305,1657613808061,2022-07-12 05:16:48.061,km,705,l,"38,0",km,334,1,volts,"12,15",null,km,"11341,0",95,4,FL,kPa,"237,8062565",FR,kPa,"242,2960555",RL,kPa,"240,551156",RR,kPa,"238,8062565"
9a218d0d50bd2cee7305,1657613804776,2022-07-12 05:16:44.776,km,700,l,"38,0",km,334,1,volts,"12,175",null,km,"11341,0",95,4,FL,kPa,"237,8062565",FR,kPa,"242,2960555",RL,kPa,"240,551156",RR,kPa,"238,8062565"
9a218d0d50bd2cee7305,1657613276670,2022-07-12 05:07:56.670,km,695,l,"39,0",km,334,1,volts,"12,15",null,km,"11341,0",95,4,FL,kPa,"237,8062565",FR,kPa,"242,2960555",RL,kPa,"240,551156",RR,kPa,"238,8062565"
9a218d0d50bd2cee7305,1657613177296,2022-07-12 05:06:17.296,km,690,l,"39,0",km,334,1,volts,"12,125",null,km,"11341,0",95,4,FL,kPa,"237,8062565",FR,kPa,"242,2960555",RL,kPa,"240,551156",RR,kPa,"238,8062565"
9a218d0d50bd2cee7305,1657613173024,2022-07-12 05:06:13.024,km,685,l,"40,0",km,334,1,volts,"12,15",null,km,"11341,0",95,4,FL,kPa,"238,8062565",FR,kPa,"243,2960555",RL,kPa,"241,551156",RR,kPa,"238,8062565"
9a218d0d50bd2cee7305,1657613068035,2022-07-12 05:04:28.035,km,680,l,"40,0",km,334,1,volts,"12,225",null,km,"11341,0",95,4,FL,kPa,"238,8062565",FR,kPa,"243,2960555",RL,kPa,"241,551156",RR,kPa,"238,8062565"
9a218d0d50bd2cee7305,1657613034088,2022-07-12 05:03:54.088,km,675,l,"41,0",km,334,1,volts,"12,175",null,km,"11341,0",95,4,FL,kPa,"238,8062565",FR,kPa,"243,2960555",RL,kPa,"241,551156",RR,kPa,"238,8062565"
9a218d0d50bd2cee7305,1657613005571,2022-07-12 05:03:25.571,km,670,l,"41,0",km,334,1,volts,"12,175",null,km,"11341,0",95,4,FL,kPa,"238,8062565",FR,kPa,"243,2960555",RL,kPa,"241,551156",RR,kPa,"238,8062565"
9a218d0d50bd2cee7305,1657612588085,2022-07-12 04:56:28.085,km,665,l,"42,0",km,334,1,volts,"12,175",null,km,"11341,0",95,4,FL,kPa,"238,8062565",FR,kPa,"243,2960555",RL,kPa,"241,551156",RR,kPa,"238,8062565"
9a218d0d50bd2cee7305,1657609539714,2022-07-12 04:05:39.714,km,659,l,"42,0",km,334,1,volts,"14,35",null,km,"11341,0",95,4,FL,kPa,"238,8062565",FR,kPa,"243,2960555",RL,kPa,"241,551156",RR,kPa,"238,8062565"
